{
    "total": 150,
    "validation": {
        "running": 0.0,
        "completed": 0.9666666666666667,
        "agent context limit": 0.0,
        "agent validation failed": 0.0,
        "agent invalid action": 0.0,
        "task limit reached": 0.03333333333333333,
        "unknown": 0.0,
        "task error": 0.0,
        "average_history_length": 9.04,
        "max_history_length": 34,
        "min_history_length": 6
    },
    "custom": {
        "other_accuracy": 0.7142857142857143,
        "counting_accuracy": 0.36363636363636365,
        "comparison_accuracy": 0.3333333333333333,
        "ranking_accuracy": 0.7,
        "aggregation-SUM_accuracy": 0.3333333333333333,
        "aggregation-MIN_accuracy": 0.4,
        "aggregation-MAX_accuracy": 0.0,
        "aggregation-AVG_accuracy": 0.7142857142857143,
        "SELECT_accuracy": 0.45901639344262296,
        "INSERT_accuracy": 0.3188405797101449,
        "UPDATE_accuracy": 0.8,
        "overall_cat_accuracy": 0.525952324384256
    }
}