{
    "total": 150,
    "validation": {
        "running": 0.0,
        "completed": 0.9333333333333333,
        "agent context limit": 0.0,
        "agent validation failed": 0.0,
        "agent invalid action": 0.0,
        "task limit reached": 0.06666666666666667,
        "unknown": 0.0,
        "task error": 0.0,
        "average_history_length": 9.6,
        "max_history_length": 34,
        "min_history_length": 6
    },
    "custom": {
        "other_accuracy": 0.7142857142857143,
        "counting_accuracy": 0.2727272727272727,
        "comparison_accuracy": 0.4444444444444444,
        "ranking_accuracy": 0.4,
        "aggregation-SUM_accuracy": 0.3333333333333333,
        "aggregation-MIN_accuracy": 0.4,
        "aggregation-MAX_accuracy": 0.0,
        "aggregation-AVG_accuracy": 0.8571428571428571,
        "SELECT_accuracy": 0.4262295081967213,
        "INSERT_accuracy": 0.30434782608695654,
        "UPDATE_accuracy": 0.75,
        "overall_cat_accuracy": 0.4935257780945593
    }
}