{
    "total": 150,
    "validation": {
        "running": 0.0,
        "completed": 0.8066666666666666,
        "agent context limit": 0.0,
        "agent validation failed": 0.0,
        "agent invalid action": 0.0,
        "task limit reached": 0.19333333333333333,
        "unknown": 0.0,
        "task error": 0.0,
        "average_history_length": 13.186666666666667,
        "max_history_length": 34,
        "min_history_length": 4
    },
    "custom": {
        "other_accuracy": 0.5714285714285714,
        "counting_accuracy": 0.36363636363636365,
        "comparison_accuracy": 0.4444444444444444,
        "ranking_accuracy": 0.6,
        "aggregation-SUM_accuracy": 0.3333333333333333,
        "aggregation-MIN_accuracy": 0.4,
        "aggregation-MAX_accuracy": 0.0,
        "aggregation-AVG_accuracy": 0.5714285714285714,
        "SELECT_accuracy": 0.4262295081967213,
        "INSERT_accuracy": 0.2608695652173913,
        "UPDATE_accuracy": 0.75,
        "overall_cat_accuracy": 0.4790330244713708
    }
}